ResumeID,Similarity
Deep Vyas,0.44574249416020933
Neel Oza,0.2631806779839076
Samkit Shah,0.22771001702132443
Prince Doshi,0.2238141290858972
Ayushi Uttamani,0.181848241863327
Ashish Shukla,0.0
Krish Panchal,0.0
Preksha Shah,0.0
Rishikesh Sharma,0.0
